,title
0,"Depression for me is a constant feeling of wanting to go home, but no matter where I am, I am never home. Even when I’m at my physical home."
1,Depression is so much worse if you live with your parents.
2,Shout out to the particular hell that is functional depression.
3,A stranger just saved my life...
4,I was going to kill myself tonight
5,"Does anyone ever feel okay for a while, then a wave of depression just hits you like a truck?"
6,"Living with depression is like running a marathon with a broken leg and then having everyone run past you and say “Yeah, yeah, broken leg boo-hoo, we’re all tired.” And then run the same fucking race everyday. The cycle."
7,"If 10 years ago someone told me that in 10 years I would be routinely sitting in my room all day doing nothing to make myself a successful man but eat, sleep and use my phone/pc and sometimes go out for a lonely aimless walks, I would never believe them"
8,"""Depression isn't always at 3am when you're alone with only the thoughts in your head. Sometimes it's at 3pm, when you're surrounded by friends in the middle of laughing."" This is high functioning depression. So many people don't get it."
9,Does anyone else get extremely bummed out seeing people younger than them doing more with their life?
10,"I want to be alone, but not lonely. I want friends but hate socializing. Want success, but have no desire to be productive. I’m lost in my own conscience."
11,Does anyone else stay up super late to avoid the next day?
12,High-functioning depression: I feel like I'm living a double life.
13,I wouldn't commit suicide but if I had an option to suddenly stop existing I would choose it
14,I cried in front of my family today. They ended up comparing their issues to mine and tell me that other people have it worse.
15,Does anyone else feel normal one minute then wish you were dead the next?
16,Had anyone noticed memory decline from depression?
17,Do any of you feel like you're lying or being melodramatic every time you try to talk about your mental health?
18,My therapist died
19,does anyone else have a constant feeling of not fitting in or belonging anywhere?
20,"The worst part of depression is waking up and the first thought that pops in your head is how shitty you feel, alone and already struggling to get through the day before it’s even started."
21,Do you ever just stop dead in the middle of whatever you're doing and feel a great wave of existential dread/self-hatred
22,"Does anyone have a period where they feel really motivated and see things clearly, only to crash even harder the more you try to better yourself, feeling even more depressed than you were originally?"
23,"Anyone else ever feel like the “old you” died years ago, and now you’re just limping along as someone you really can’t stand?"
24,Is anyone else strangely sick of being high functioning?
25,Becoming a regular at a local coffee shop changed my life
26,When you realize that you have an incredibly easy life but you’re screwing It up for yourself
27,"2 years since I dropped out of college due to anxiety and depression, I finally signed back up for classes yesterday."
28,Does anyone else stay up to 3AM every night wanting to die only to get up for school and start the cycle over again every day?
29,The worst thing is realising no one is coming to save you and you have to rescue yourself with zero motivation to do so.
30,"Does anyone else get really happy and motivated for a few hours to a few days, just to fall off the edge again?"
31,"I wish I could say ""I was depressed"" the same way I say ""I was sick"" to explain my absence"
32,"After 1 suicide attempt, and one overdose, I GRADUATED!!!!"
33,Don't you just want to sleep and sleep and sleep?
34,I miss myself
35,The worst part of depression is that it's stolen my personality
36,Imagine if the cure to a broken leg was to run a marathon with it. That's what getting help for depression looks like to me.
37,"We only wish depression was being ""sad""."
38,Too depressed to have a healthy relationship yet constantly wanting love and affection.
39,I can overhear my mother on the phone laughing and joking about my depression to her friend
40,Keeping in touch with friends is so hard when your brain tells you no one wants to talk to you
41,"After I revealed I’ve had depression for a very long time, a co-worker told me today that I am the most positive and uplifting person at the office to talk to but she’d known something was wrong because of my eyes."
42,It’s not that I want to kill myself. But if I die I wouldn’t be upset.
43,"Has anyone else went to see a therapist to get help from their severe depression, but once you get there your mind is so hazy and forgetful that it makes it extremely difficult to explain your experience?"
44,"Alive, barely."
45,I almost killed myself today
46,"When I’m sitting on my ass doing nothing, I feel useless and depressed. When I’m actually doing something, i think about how I’d rather be just relaxing at home"
47,"Do you ever feel that the deeper in depression you are, the dumber you become?"
48,Does anybody else ever stay up late so they can avoid tomorrow?
49,"A Depressed persons vocabulary ""I'm fine"" ""Im okay"" ""nah I'm just tired"" ""it's not a big deal""."
50,"When I don’t have a job, I want a job. When I have a job, I don’t want a job. When it’s hot, I want it to be cold. When it’s Fucking cold, I want it to be hot. When I’m myself I want to be with people, when I’m with people I want to be by myself"
51,"Too depressed to be productive, and not depressed enough to kill myself"
52,"I feel like I'm getting stupider, less talented, clumsier, and that soon I will be completely retarded."
53,"I hope being dead is like sleeping,because im tired,i really am,i just want to sleep forever and never wake up again"
54,An unexpected side effect of depression: the decline of cognitive capabilities
55,Anyone like being in the shower not for the purpose to get clean but standing in the water while the hot water just runs through your body while you just stare
56,Today I woke up and didn’t want to die.
57,Fun fact: when I was younger many people told me I was a gifted child of above average intelligence.
58,Is anyone else hating the fact that they’re wasting time of their life as you’re witnessing it all go in the drain because of their stupid mental illness holding you down?
59,Do you ever get so empty you’re excited when you finally start crying because at least you’re feeling an emotion?
60,Anyone else barely hanging on to life with no motivation whatsoever?
61,"Anybody feel like you died long ago, and you're just a zombified shell?"
62,Mom died last night going to be needing all your love and support.
63,"anyone else get super motivated at night to get your life together, then when it's daytime that motivation is gone?"
64,Anyone been depressed for so long they don't even know if they are depressed or if they are just really boring?
65,"The reality of depression: Yesterday I was googling ""most effective suicide methods"". Today I feel fine."
66,"Do you ever doubt the validity of your depression? And just think that the reason you can’t do normal things, is just because you’re a bad person?"
67,"I’m a Christmas person, but this year I’m just... empty."
68,"Fuck this shit dude, how in the hell is anyone supposed to keep up with scjool, work, social life, healthy eating + exercise, and hobbies?"
69,Nobody gives a fucking shit about you until you mention killing yourself.
70,I shouldn't have to lie about my depression to get a sick day
71,I feel like I’m addicted to depression.
72,I deleted my note!
73,Sleeping is the only activity I don't hate because it's like a free trial of not existing
74,Absolutely nothing interests me anymore. I fucking hate it.
75,Anyone else get lost in their daydreams and get hit with a wave of depression when you snap back to reality?
76,My girlfriend cheated on me with one of my best friends while I was at the psych ward for trying to kill myself. Someone please cheer me up
77,Why I stopped opening up.
78,How many other people go to sleep wishing they'll die peacefully before they wake up?
79,Does anyone else experience anger as a part of depression?
80,"My friend attempted suicide a couple days ago. My family is saying I will ""ruin Christmas"" if I spend time with her in the hospital on Christmas Eve instead of visiting them. What can I do?"
81,Does anyone else sleep a lot to escape the pain?
82,I'm breaking apart and no one gives a fuck.
83,Suicide ice cream
84,"Does anyone habitually say things like ""I fucking hate myself"""
85,I’m killing myself [update]
86,"People don't realize that coming over and just sitting with you, watching tv or having food or whatever, while you're depressed is the best feeling."
87,Being alive is a scam
88,"“People with depression don’t want to die, they just don’t want to be alive”"
89,I´ve been told my whole childhood how intelligent I was. Now I can't live up to those expectations put upon me by others and myself. I feel like a failure.
90,Does anyone feel like the less interesting person while hanging around other people?
91,"Anyone else have underlying sadness even when doing something ""fun""?"
92,Realizing that you will die because of suicide is really hard.
93,Anybody else feel like they're quietly panicking all of the time?
94,"Do you ever lay there in the dark, just staring into the nothingness, and then 5 hours went by somehow and you cant remember if you fell asleep or not."
95,"I don’t live for myself anymore, I only live so my mom doesn’t have to go through the pain of me committing suicide"
96,I wish I could give my life to someone who actually wants to live
97,$200 will travel
98,"I convinced myself I was going to commit suicide sometime in the next 2 weeks. Then I walked to the kitchen and saw my beautiful, loving family. Now I cant stop crying"
99,Feel like I'll never be able to have a normal loving relationship because of my depression and my personality
100,"Anyone else feel like their ""fake depressed""?"
101,"Depression is the hot funny meme until you're not sleeping, not eating, and hoping you'll die in a car accident"
102,Anyone feels jealous and bitter that you’re stagnating while everyone around you is moving forward?
103,One of the shittiest feelings is having a dream where you're genuinely happy then waking up to reality.
104,"the worst thing about depression,is seeing everyone around you progress in their life and you are stuck in the same place"
105,"Does anyone else get random moments of clarity where you think ""oh crap, I'm actually very mentally ill."""
106,nobody cares when you're depressed until you commit suicide
107,Why the fuck does being alive always have to feel like an uphill battle. I can't fucking ever keep up.
108,I wish I could have a fatal accident instead of committing suicide.
109,"Nobody cares if you're suicidal, only if you commit suicide"
110,Depression won today.
111,I’ve been diagnosed for 20 years - yesterday I quit my $100k+ high pressure sales job to become an 8th grade science teacher.
112,"God dammit. I should be able to tell people I have suicidal thoughts sometimes without them freaking the fuck out. I feel like killing myself sometimes. There, I said it. Doesn't mean I'm going to do it."
113,I had a personality once but now I can't remember who i am
114,"Depression is when you don't really care about anything, anxiety is when you care too much about everything. And having both is just like hell."
115,"Cheers to everyone on here, this sub is the only place I feel accepted. We may be depressed, but we are never dicks to one another or reject each other's voices."
116,"Woke up, realized it was Christmas, and broke down sobbing."
117,Nobody talks about the memory loss
118,Does anyone else get those little highs that last like 10-15 seconds where you feel like you can do anything and are genuinely motivated and no one can stop you..but then it passes and you're back to feeling like complete shit?
119,"It gets better, but it never STAYS better."
120,Does anyone else wish that you could sleep forever?
121,It’s my 25th birthday today. Even though I don’t mind living in solitude and actually prefer it often due to my mental illness symptoms— birthdays remind me how much it is my own fault and my mental illness made me lose all friends in my life and that I truly am alone.
122,"Anyone else used to be bright in school, but now feel like a bum?"
123,Anyone else just feel bored of everything?
124,Anyone else stay awake late just because the idea of “tomorrow” feeling exactly like today is such a depressing thought?
125,I feel like mental illness is the only medical condition where people wished they had cancer instead
126,I (attempted) suicide by crashing my car into a highway median at 200 km/h and walked out with a minor concussion. I feel like it's a sign I need to step up my action against depression. What are some things I can do to alleviate my depression?
127,Anyone else feel like they can’t learn shit?
128,Hate when normal people ask me what I've been doing all day and I have to lie.
129,i'm not doing any better i just got better at hiding it.
130,Anyone else feel like maybe you are just starting to get it together and then one little f*&# up sends you plummeting into the abyss again?
131,I want someone to notice how not okay i really am
132,It hurts realizing who you really are
133,“I used to think that the worst thing in life was to end up alone. It's not. The worst thing in life is to end up with people who make you feel alone“
134,I wish i could transfer all my remaining days to someone who actually enjoys living.
135,"25, an aging, worthless failure"
136,"I am so tired of ""just taking it one day at a time"""
137,"I hate myself so much I actually repeat the phrase ""I hate myself"" to myself multiple times a day."
138,Made a new friend
139,Ever not speak a single word in a whole day?
140,Does anyone else want to kill themself but they don’t want to do that to their family so they go by day by day with the only true motivation in their life being the day they finally grow distant enough from their family that they can end it all without the guilt
141,I have no personality
142,Does anyone weirdly find comfort in their depression?
143,Did anyone else's depression fuck up their career or university/schooling experience?
144,I'm getting more and more stupid.
145,It's lonely.
146,"i don’t wanna kill myself, but i don’t want to necessarily exist either?"
147,Has anyone ever felt they won’t ever reach their full potential because of their depression?
148,Anyone else previously cared way too much and now is completely apathetic to everything?
149,I wanted to kill my self last night but instead I called an ambulance
150,Do you ever feel too ugly to leave the house?
151,Anybody ever been depressed since a child but only realised it was depression when you got older?
152,y’all ever just give up mid-day and zone the fuck out and start staring into space for prolonged periods of time?????
153,Do you ever just cry for the person you used to be?
154,I wish there was just an off button for life.
155,I fucking hate being depressed all the time
156,"You ever want to cry but, physically can’t"
157,"i want to tell people ""don't worry, i hate myself way more than you could ever hate me"""
158,"Nobody at all cares how depressed you are when you're alive, as long as you don't kill yourself. Now if I kill myself, then I'm just a huge selfish jerk who didn't think about anybody. Jerks..."
159,You’re depressed because you’re not grateful
160,"Fuck me, I'm so tired of pretending."
161,Does anyone else hurt so much emotionally that it feels physical?
162,I don't want to kill myself but I just wish there was a way to stop existing.
163,Scared of sleeping because tomorrow will start
164,Do you ever feel guilty that your parents got stuck with such an incompetent failure?
165,"Today I brushed my teeth, took, a shower, exercised, vacuumed, played with my cat, stayed hydrated, and read a book."
166,Somebody noticed I am not ok
167,I see why people don't open up now.
168,I survived my suicide attempt..
169,i hate having to put away my feelings for 8 hours a day
170,Have you ever had to physically “fight” with your own mind just to keep yourself together?
171,I'm tired of being everyone's therapist when no one will give me ten serious minutes of their time.
172,Does anyone else feel like depression and anxiety ruined all their potential?
173,Depression has made me dumber.
174,I CAN’T DO ANYTHING
175,"""I think the saddest people always try to make everyone happy because they know what it is like to feel worthless and don't want anyone else to ever feel like that"""
176,I just want to sit on a rooftop at 2am and talk about life with somebody.
177,"Depression is having no drive, purpose, passion, or commitment"
178,I feel like my depression and anxiety has prevented me from reaching my true potential
179,These random spikes of happiness and hope really fuck you up after. Nothing matters now.
180,I miss the person I used to be
181,I got my degree!!!
182,Do you ever want a intimate relationship but know how fucked up you are so you just dont try?
183,"Theres a part of me that wants to get better, but theres also a part of me that doesnt"
184,You know something's wrong when you can't even muster the strength to play a fucking video game.
185,anyone else ugly as fuck and wanna die?
186,Today was my 21st birthday
187,Anyone else feel like they've lost their identity?
188,"""You're not depressed I saw you smiling/laughing the other day"""
189,Anyone else wake up and mad they woke up?
190,"In your experience, is it common to dismiss your depression as just being a bad person?"
191,I wanna stay depressed
192,Do you ever wish you would accidentally die?
193,"Does hearing ""college is the best time of your life"" or ""enjoy being young while it lasts"" freak anyone else out?"
194,I want to be left alone but don’t want to be alone?
195,"Today I got a haircut, shaved, cleaned up my desk and walked the dog"
196,So sick of hearing “you need to go out” and “put in some effort”
197,You wanna know the worst thing about depression (to me)
198,I desperately want to talk to someone about everything but I really don’t want to talk to anyone about anything.
199,Dae else feel depressed because everyone else your age is going out and living their life and you sit alone in your room every week
200,Regular Check-In Post
201,whenever I have to do anything stressful I briefly consider that I could just kill myself instead
202,Prison without fucking walls
203,You ever just run out of social energy?
204,I wish I could donate my remaining years
205,I took a shower and changed the sheets.
206,Anyone else feels like they are annoying everyone?
207,"Anyone else wishes that they get deleted from this universe, every single memory of them too?"
208,"Want to die, but don’t want to commit suicide"
209,Reminder: NO ACTIVISM is allowed here at any time.
210,"If isolation is bad, why does it feel so good?"
211,I really need a fucking hug.
212,Anyone else just super tired all the time
213,"After three months of almost crippling depression, I finally had the courage to call and make an appointment with a therapist and I'm very proud of myself :)"
214,"""Depression is living in a body that fights to survive with a mind that tries to die."""
215,You don't know how much depression affects you until you have a good day
216,Do you also sometimes fool yourself into thinking you are not depressed anymore?
217,My dog just saw me crying on the back porch and started barking at random things.
218,"Does anyone else, when they're in a really depressed mood, feel like they're just acting sad to get attention?"
219,Anyone else jealous of others happiness?
220,I just wish I could be asleep for the rest of my life
221,People who are depressed should reach out to their friends. *tries to reach out* Nobody replies.
222,Do you ever just hate the person you've become?
223,I took my first shower alone.
224,I Hate when you feel slightly okay for a brief moment and your mind tells you that you must actually be a fraud and there's nothing wrong with you
225,Why don't you talk to us?
226,I have been self harm-free since February and I’m proud of my self for that bit it wasn’t easy.
227,An old man killed my only way of coping with depression and anxiety
228,"Does anybody else fantasize about just...disappearing? Like taking off to a far away place, cutting off all ties that you have, and just starting new?"
229,"Our most-broken and least-understood rules is ""helpers may not invite private contact as a first resort"", so we've made a new wiki to explain it"
230,I wish my mom hated me so I could kill myself without making anyone upset.
231,I really hate when people invalidate a depression diagnosis as someone being lazy and etc.
232,I’m fucking sick of my life but I’m too scared to die.
233,Anyone else feel like falling asleep and not waking up.
234,"The older I get, the more I realize I’m going nowhere in life and the more I hate myself."
235,Regular Check-In Post
236,Why do people tell me being alive is special? THIS is life. Mundane days like these from morning to evening until we die. There's no fucking transcendent spiritual bullshit crap. IT'S JUST FUCKING THIS!
237,Anyone else feel like depression has made you dumb?
238,I almost feel like I should’ve killed myself a long time ago and now I’m just living out a life that wasn’t meant to happen?
239,I no longer believe in the myth that any challenge can be overcome with hard work alone.
240,I hate it when people say “well occupy yourself” when you’re depressed.
241,I never understood why the suicide rates went up during Christmas time... now I do.
242,I don’t want to kill myself but sometimes I want to stop existing.
243,Anyone feel like years of their life are like a blur due to depression?
244,Does anyone else just wanna start new
245,If I knew what I know now I would've just killed myself when I was 14
246,Feels like my only passion is just not having depression one day. What a waste of life.
247,"Sometimes while enjoying time with my friends, all of a sudden I get very down and feel like crap. Over basically nothing. How do I get over this?"
248,"""The loneliest moment in someone's life is when they are watching their whole world fall apart, and all they can do is stare blankly."" -- F. Scott Fitzgerald"
249,“you look depressed” thanks it’s the depression
250,Does anyone else feel like they only staying alive for other people
251,Every time you open up about depression people always feel the need to invalidate it
252,"12 months ago, I tried to kill myself. 3 seconds, that’s how long the EMT says I was gone for.. My body is suddenly getting flashbacks to that moment and it hurts."
253,does anyone else wish they could die from an outside cause
254,"I need constant background noise (youtube, watching series) because I'm afraid of being alone with my own thoughts. Going to sleep is scary because I don't know how I'll feel in the morning."
255,I don't feel like I have any genuine friendships or relationships with anyone anymore.
256,My parents just yelled at me for 2 hours.
257,Anyone afraid of messaging people back because you’ll just talk about depression and feel like the most boring person on earth
258,Depression feels like a perpetual homesickness while simultaneously not knowing where/what home is.
259,I really wish I could kill myself before the new year so I don't have to deal with whatever misery 2020 is going to bring
260,The most depressing part about turning 30 is when you start thinking “this really is my life after all”
261,Does anyone else feel like there is a fog in their head they can't get rid of?
262,Does nostalgia bring up your depression?
263,I've told 2 college professors that I am suicidal in less than 3 days of each other and..
264,Having friends and family that don't understand depression is awful
265,This is not the life I imagined for myself
266,My Wife and 2 infant daughters were killed this morning in a car crash.
267,"I've been left out of everything, and someone actually cared."
268,I hate it when people criticize me for not doing enough because of my depression. I am literally trying my hardest. This is my best right now. Stop comparing me to someone with perfect brain chemistry. I'm doing all I can. This is going to have to be enough for you because it's barely enough for me.
269,Does anyone else actually want to talk about your depression with a loved one but then convince yourself that you’re just an attention seeking piece of shit that doesn’t actually have depression at all?
270,do you stay in bed for the whole day because you have no motivation or energy to do anything productive and then you start feeling guilty because you're not doing anything productive
271,"*cries to self* ""I need help."" *few hours later* ""What the fuck was I crying about anyway? *scenario repeats in a later unknown time*"
272,Do you ever feel like depression set you back a few years?
273,Anyone else wish they could hit the reset button?
274,The saddest people always try their hardest to make people happy because they know what its like to feel absolutely worthless and they dont want anyone to feel like that.
275,Depression for me is the constant feeling that everyone else is better off without me.
276,"Does anybody else notice that they are becoming increasingly bitter as time goes by, but they can't help it?"
277,I just wanna fucking die already. I didn’t ask to be here.
278,Taking care of the most basic things when your depressed is difficult
279,I just went from a straight A student all my life to a straight F student and I still don’t know if I’m faking my depression
280,I drew a comic about my experience with depression.
281,"Anyone else afraid of appearing ""happy"" in front of family/friends in fear that they won't take your depression seriously?"
282,Does anyone else wake up feeling fine for about 5 minutes before anxiety and depression take over?
283,"I enjoy being alone, but hate feeling lonely."
284,A friend told my teacher that I want to kill myself. Now I'm in an even bigger mess
285,Depression makes everyday feel like groundhog day
286,I. Really. Hate. How. It. Come. And. Goes. In. Waves.
287,I had a friend over for the first time in two years today
288,Open letter to my son
289,does anyone else actually WANT to do something productive but you have no energy because you are so tired and lazy and unmotivated that you can't bring yourself to do it?
290,I had a shower and brushed my teeth for the first time in 2 weeks today.
291,Anyone else feel like they just aren’t cut out for life?
292,Doesn't it fucking suck how you can be laughing and enjoying something but at the same time remain unbelievably sad the whole time.
293,My mom was killed two weeks ago.. I don't know what to do
294,"Does anybody else feel so calm during winter? Fuzzy socks, soft blankets, hot drinks, laying in ur bed....I feel like I almost have a spiritual connection w cold weather. My dream is to move to a small town and just escape from big cities and stress that's going on in them."
295,Alone and Abandoned on my birthday
296,I wish I could re-do my teenage years without my anxiety and depression
297,i feel like depression has made me less smart
298,It’s crazy to me that there are people out there who have never been depressed or thought about killing themselves
299,"I did it guys! Not a big deal in the grand scheme of things, but I cleaned my house!"
300,"Just deleted a suicide note I wrote two years ago. I don't recognise the person in it, it's not me anymore :)"
301,"Does anyone else feel like they want to die, but don’t actually want to kill themselves"
302,Anyone else thinks depression completely changed them as a person?
303,"Some people have sexual fantasies, I just fantasise about getting hugged and being shown basic affection and it never happens"
304,"Do you ever just lie in bed, thinking how different your life COULD be and imagining all the possibilities instead of actually going out there and doing them?"
305,Does anyone else just think “kill yourself” every time you do something wrong?
306,Why does depression and anxiety make it so fucking hard to tell if people actually like you?
307,I have no passion for anything anymore
308,Sharing something I’m proud of for a chance
309,Anyone just want to take a break from life and just go to a park on a summer night and just look at the stars alone?
310,I really miss feeling joy and euphoria
311,Nobody wants to deal with negative people
312,Does anyone else feel their life won't go anywhere?
313,"I'm only living to see if I'll be happy one day, but I'm impatient."
314,Depression has made me so stupid
315,"Two days ago I was feeling amazing, the best I ever have and now I am miserable and want to die. Wtf brain."
316,Does anyone else feel like they either can't or are afraid to speak up about their feelings because there are many people that have it worse and you feel like you shouldn't complain?
317,Daily cycle
318,I just want a hug so badly it hurts
319,Dear God. Please make me not wake up tomorrow.
320,I really don't want to die. I actually really like life. I just don't like my life.
321,Warning: Watch out for PMs pushing religion.
322,"Makes friends -> get close, really get to know them -> alienate them slowly with your issues -> get abandoned yet again several years into another good friendship that you hoped would last a lifetime -> repeat"
323,depression feels like dying before your body has died
324,My 12 year old sister attempted suicide.
325,You ever been so depressed that happiness comes in short episodes that you know will never last?
326,This is pretty much my life.
327,When I'm alone I want people but when I'm with people I want to be alone.
328,I never planned to make it to 15. Today I turned 17.
329,Is anybody else here experiencing anhedonia?
330,"When I stay home I get depressed for not doing anything. When I go out, I get very anxious and later get upset over any mess ups during that outing."
331,Anyone else go to the bathroom just to be alone and get away from everything?
332,My therapist committed suicide
333,"""How can you be depressed? You always seem to be happy."""
334,My girlfriend died
335,a man gave me this at the airport yesterday... he'll never know how much it means to me to know a stranger cares 
336,Anyone else feel like they just simply weren't cut out for this world?
337,"You ever want to explain how you're feeling on here, but then as you're typing it out you realize you can't even articulate your feelings, so you're just like ""eh, fuck it"" and continue to bottle things up?"
338,Anyone else have semi-suicidal thoughts on a regular basis?
339,We only see those who get better
340,"I hate being alone, yet I want to be alone."
341,All I want is not to wake up tomorrow
342,"Does anyone else just want to disappear? Not die, but just cease to exist?"
343,"Millions of years of evolution among millions of species on this planet, all with a single common instinct within them :- Survive. And here my brain is telling me everyday to kill myself."
344,"Depression will have you saying ""I'm tired"" cause ""I'm sad"" doesn't seem to explain how much it drains you."
345,I’m sitting in the bathroom at work trying not to cry
346,Is anyone else afraid of opening up about their depression because it sounds needy or desperate?
347,I miss the old me
348,What does a person even do all day?
349,Anyone else feel like they're just scraping through each day to make it home and return to your vicious cycle habits?
350,Who else envies people without depression?
351,"The question I hate most: ""Are you okay?"""
352,High functioning depression is so hard for people to understand
353,I had to fill out one of those depression tests today...
354,"DAE say ""I'm sick"" instead of ""I'm depressed"" because you know you won't get taken seriously otherwise?"
355,"I never realized it, but I always used to try to make other people laugh and smile because I never wanted them to go through what I'm going through right now."
356,My friend killed himself
357,"I'm not ignoring you, I just forgot about my own existence."
358,Do you hate complaining to people because you feel it will make them hate you because you are telling them your problems?
359,Sometimes when I pretend to be happy I actually think my mood gets better
360,Warning: We're being targeted by a PM-spammer promoting a blog at mentorself.com
361,Always have this feeling of wanting to go home but i don’t know where home is
362,Everyday I do literally nothing.
363,Anyone else like to make themselves sad?
364,Do you procrastinate even before doing things you enjoy?
365,Anyone else's depression going into overdrive with the recent seasonal changes?
366,What if I don’t have depression and I’m just a lazy worthless useless human being who does absolutely nothing
367,Fuck New Years
368,Regular Check-In Post
369,Does anyone else’s depression get worse when it starts to get late?
370,Does anyone ever wonder how normal/healthy people work?
371,Anyone else have no social life and just sits on the computer all day?
372,Every day of my life.
373,You know you are fucked up when you cant enjoy video games anymore
374,I hate going to sleep because it means I have to wake up in the morning
375,Attempted Suicide today. By stabbing myself so i can bleed to death
376,"I showered, brushed my teeth and shaved for the first time since June of 2016"
377,I genuinely don't have anyone anymore
378,Does anyone ever feel physically too weak. Everyday I experience a rush of weakness or something. It’s hard to explain.
379,I hate that I...
380,My girlfriend died
381,"Depression makes me not care about anything, anxiety makes me care about everything"
382,"The worst thing isn't being alone, it's being surrounded by people and them making you feel alone."
383,Anyone tired of pretending you’re fine because not being fine makes others uncomfortable?
384,Do y’all ever have those dreams where you wake up and you’re just so fucking empty because it wasn’t real.
385,"I hate it when you’re so depressed that even your favorite music doesn’t interest you. Instead you’re trapped in your bed, in compete silence, listening to your brain talk shit to yourself"
386,Going into 2020 the same way I went into 2019
387,My family searched my room while I was in the hospital
388,"I'm smoking cigarettes and drinking beer so that I have something to do with my hands. I lost interest in music which always been my passion. I spent the last 5 days browsing Youtube, alone in my flat with hardly any news from my surroundings."
389,Fuck all of this
390,How do you guys find the motivation to do literally anything?
391,"Does anyone else just spend most of the day on YouTube,Reddit,twitter etc ?"
392,My wife died and now i'm a single father to 3 kids.
393,Who failed at 'everything' raise your hand
394,I almost killed myself tonight
395,my bed is my best friend
396,"“You’re Mexican, depression is a white-people thing, we don’t have time for that”"
397,life is a chore
398,A stranger hugged me yesterday
399,It pisses me off that people think happiness is a choice
400,It’s not fair.
401,"Slowly, I didn't realize I was already killing myself"
402,People are so keen to post on mental heath awareness day and on social media saying they want to help. But you can literally be crying in school/public and people will just stare at you and not do anything
403,"Anybody else sick of the ""i feel the same"" you get everytime you try to discuss your depression with someone?"
404,"I achieved one goal in 2016. I started brushing my teeth. For the first time in 25 years of life, I brushed my teeth everyday for an entire month straight."
405,Is it just me or does depression make basic hygiene & waking up SUPER difficult?
406,"Can't because I'm depressed, depressed because I can't."
407,Anybody wish they were 8 years old again and could start their life over.
408,I don’t want to die
409,I’m so caught up in my web of depression that I sometimes forget that there are people out there who are content with their lives and want to keep living.
410,You ever wish you didn't have any family so you wouldn't feel so bad about wanting to kill yourself
411,I’m out
412,Does anyone feel like they're just overreacting and destroying their life 'intentionally'
413,Anyone have trouble planning for the future and being impulsive because you think you'll kill yourself eventually anyways?
414,Anyone cry at the sight of normal families?
415,Today I'm finally throwing away my suicide note
416,Sometimes I wish I could get killed so people wouldn't be mad that I killed myself. Has anyone else felt this way?
417,I feel alone when nobody texts me but when they do I just don't wanna answer.
418,There's people who don't have depression
419,Anyone else's depression made worse by the way the world is?
420,"Anyone else get up, get dressed, and then just sit and stare at the floor or wall for 30 minutes trying to figure out why you’re even bothering?"
421,Does anyone else watch an ungodly amount of YouTube videos?
422,Depression prevents you from doing the things you know will make you feel better.
423,"I wish it were socially acceptable to tell your friends ""Hey, my life is super toxic right now and slowly killing me, can we hang out sometime?"""
424,It’s 7am where I’m at and I’m about to go buy more alcohol
425,My bed is my safe place
426,Do you guys ever quit typing your comment mid-sentence because you feel like your words aren't useful?
427,"Depression stole my education, it stole all of my friends, my motivation, my dreams, my future, my life, me."
428,I’m tired of being tired all the time.
429,"I just miss the days when I’d wake up, get right out of bed, shower, then do whatever it was I wanted to do that day."
430,"Does anyone feel like they shouldn't be depressed because of how ""good"" their life is, and thinking about that makes you feel even worse?"
431,Finally going to Therapy.
432,do you ever feel like you are manipulating people?
433,Anyone waste time doing nothing?
434,"Today, I had my first session with my psychologist."
435,"Woke up wanting to kill myself. Managed to go for a jog instead. Fuck you, depression!"
436,"Has anyone ever been eager, almost desperate to do something productive, but just so unmotivated to do so?"
437,I just wanna cuddle with someone and cry while he/she tells me everything it's gonna be ok
438,Told girlfriend I'm suicidal and got kicked out
439,How do people just accept working 40+ hours a week for the rest of their lives?
440,I just want to sleep forever.
441,"You are a ""hero"" if you fight cancer and lose. You are ""disturbed"" if you fight depression and fail."
442,Ever think you're over your depression but then it hits again?
443,Anyone else afraid 24/7 that they will end up a 30 year old fuckup living at home working weekends single with no friends? I am.
444,jUsT ExErCiSe bRo jUsT ReAd bOoKs bRo jUsT Go oUt bRo gEt a hObBy bRo
445,Labeled as mature for being apathetic
446,Anyone else in a zombie like state 24/7
447,Do you ever feel like you are just 3rd-4th ranked option to people?
448,"I stay up late at night because I know the sooner I go to bed, the sooner I’ll wake up and have to start my day."
449,Do you think depression has reduced your mental abilities and affected your decision making skills?
450,"Does anyone find themselves just going about their lives working, going to school, etc then suddenly overwhelmed by the misery of existence and want to run away and cry?"
451,"Went for 2 AM walk in the rain, finally felt alive and free."
452,I really hate not taking interest in anything.
453,"Don't you love it when you're finally feeling okay and having a good time, and then a wave of loneliness washes over you, because you feel like everything you do is pointless, since there is no one to share it with"
454,Anyone masturbate as means to deal with depression?
455,I don't often see anyone mention the addictive nature of depression.
456,"I feel like as a child I didn't learn how to properly function as a person, and now I'm just a burden as an adult"
457,"Just because someone has it worse than you, doesn’t mean that your problems don’t matter"
458,Anyone else feel like they have to try and fight to survive because of their depression?
459,Started planning a road trip as an alternative to killing myself
460,"I just went from not leaving my room for 3 years with the biggest fear of going outside, to wanting to solo travel again! In 3 days."
461,So I bought myself flowers today.
462,"Life in this society is such a catch 22. People are always saying ""reach out, if you ever need me"" but actually don't want to be near anyone depressed. They either deny it or downplay your depression if they find out. Or just outright see you completely differently."
463,"In 8 days I have lost my job, my girlfriend left me and I’ve diagnosed with cancer."
464,I just don't do anything
465,I'm so useless and do nothing all day.
466,You ever just get so fucking sick of yourself?
467,I don’t want to kill myself because of the grief for others. Instead I wish I could just disappear and have nobody remember me.
468,I finally told my parents I was struggling with depression and suicidal thoughts.
469,"Nobody cares if you're happy or not, they just want you to function."
470,"Every night I think ""what the fuck am I doing with my life"" then wake up and do the same thing again"
471,tired
472,Anyone else's memory gotten really bad since having depression?
473,"I finally came out to my close friends that I have depression, and now I'm being alienated because I'm ""not mentally stable"""
474,Does anyone else feel like their life has been irreversibly destroyed by mental illness?
475,What depression actually looks like.
476,"Does anyone else get the feeling that everyone around you is living a fuller, happier, more complex life full of promise?"
477,Anyone else casually want to die all the time?
478,I am really sorry for people who post here and nobody replies.
479,"I think the worst part of being depressed for so long is that not only do you start to believe it’s “who you are”, the people around you do as well."
480,"Im going to a mental hospital and now I feel like ""Im not depressed enough."""
481,Every time I wake up from sleeping I’m just like *sigh* “fuck.”
482,"Don't you just hate it when some depressed people act like you don't get to be depressed because ""life isn't hard enough for you""?"
483,Therapy just made me more aware of how isolated I feel because most people suck at empathy
484,I've showered every day for 5 days.
485,"When I talk about myself, I feel selfish. When I ask others questions about themselves, I'm sad because they don't ask me questions back."
486,I’m ugly and it’s been confirmed
487,I’m going to kill myself
488,"I hate that time is passing so fast, and I'm still the same depressed shit."
489,Anyone else feel like they're just trying to survive rather than live life?
490,i can’t believe there’s barely 1 month left in 2017...time flies when your life is falling apart
491,"If the moods of normal people fall between ""happy"" and ""sad"", the moods of depressed people fall between ""distracted"" and ""miserable""."
492,I am 58 M. Seems to be most subscribers are young.
493,Why do non-depressed people think depression is about being sad all the time.
494,"Diagnosed with cancer, mom passed away, wife asking for a divorce. All within a few days."
495,It's like I'm chronically lazy
496,idk if this is just me
497,Does anyone else procrastinate till the last minute and then feel like shit for not doing things earlier
498,"I hate lying on bed all day, being unproductive........but it's the only thing I feel like doing......"
499,I'm 36 and stuck in years of misery. Depression is my self identity now and I don't know how to change it. Planet earth literally seems pointless and I dont' know how billions of people can just live these meaningless lives.
500,Anyone else feel that their best days are passing in front of their eyes?
501,I’m a 14 yr old white girl diagnosed by a psychologist with depression
502,Depression leads to procrastination and procrastination to depression.
503,Tried to draw how I'm feeling
504,Does 2018 seem like a blur to anyone else?
505,"Do you ever wonder if you are really just selfish, lazy and manipulative person who convinced youself that you're depressed to feel better about it?"
506,Anyone else get depressed simply over the fact that their own life is so boring and repetitive?
507,I socially isolate myself and then wonder why people don't ask to hang out.
508,I lost my personality.
509,Does anyone else just sit around and do nothing a lot of the time?
510,Has anyone else seen a significant drop in their IQ as a result of their mental illness?
511,"Depression feels more ""real"" - optimism feels like a delusion"
512,being alive is so exhausting
513,Do you ever secretly wish for bad things to happen in your life so you feel justified to be depressed?
514,"suicide isnt the answer, but people shouldn't call it the coward's way out"
515,No one showed. I should have expected that.
516,Everything hurts
517,I sold my guns.
518,Does anyone else’s depression make them feel dumb? Or...unable to focus on school work or semi difficult tasks?
519,I disappointed everyone that expected great things from me
520,"I am no longer a 21yo, unemployed, kissless virgin living with my parents!"
521,"I procrastinate because I'm depressed, and I'm depressed because I procrastinate"
522,"Anyone else find that, while you're super hard on yourself, you're almost too forgiving of others?"
523,Casually suicidal?
524,"Does anybody sometimes hope they get sick, so they can die without having to use suicide and disappoint other people?"
525,DAE feel like you're turning dumber as depression gets worse?
526,Does anyone else live in their own head?
527,"Why can't people understand I'm not just being lazy, I just feel unable to move"
528,Today I witnessed the most horrifying moment of my depression till date [TLDR: a TV repair guy kinda literally woke me up after 5 years.]
529,Anyone else feel like they go through each day just waiting to go to bed?
530,I've thought about killing myself for so long I've forgotten that's supposed to be a red flag.
531,You can never have an honest conversation about suicide
532,"As of today, I'm no longer a depressed teenager!"
533,This is how I tried to explain to my (gamer) friend how depression feels like:
534,"I hate it when people say that people self harm or talk about killing themselves just to get attention. Of course they want attention, they need HELP."
535,Has your memory gotten worse with your depression?
536,"I wish I could just press a button and never have existed. Everyone would forget me, and I'd just be gone."
537,I spoke to my UPS guy.
538,"Every time I'm faced with some kind of challenge my first thought is ""I should just kill myself so I don't have to do this."" It's pathentic."
539,I talked to a girl on campus today and asked if she wanted to hang out
540,"Does anyone else want to die without committing suicide"""
541,"So I have this virus ""depression.exe"" on my computer..."
542,Does anyone else feel like they’re falling behind everyone else their age?
543,"Some people think depression/anxiety is just a way to get attention, but attention is the last thing I want. Just leave me alone and let me die."
544,"Every time I try to speak about my depression, it sounds like a cliche. So I keep it to myself."
545,Anyone else feel like when they ask people for help that you are being a burden?
546,My friends remembered my birthday
547,"Do you ever just look at people and think, ""Wow, Im a giant loser"""
548,What depression isn't.
549,"Has anyone ever had a period of being okay, only to crash back down into the blackness without any discernable reason why?"
550,"I feel like i'm drifting through life, seeing how far I get before I kill myself."
551,does the idea of living the rest of your life just sound exhausting
552,Anyone else feel so nostalgic for the past when things were okay that it actually physically hurts?
553,My girlfriend died and I don't know how to go on...
554,"I’ve had to stop my own mom from killing herself. I’ve had to stop her from beating me or my siblings. I’ve pulled her off my dad. She’s crazy. And it’s been like this for 17 years. Thanks, mom (and dad). Happy holidays."
555,Does anyone make drafts and ends up not posting?
556,"Depression: The disease that makes you isolate yourself from your friends, and then helps you be extra miserable later when your friends do things without you."
557,"""You're a goner"" - my therapist lol"
558,Have you ever felt so sad that you actually feel a sharp sore pain in your heart?
559,anyone else here have no real hobbies/goals/interests and justs waste time on reddit/youtube/etc ?
560,"I don’t know if i’m still depressed. I don’t feel numb or sad, but i feel unmotivated, unfulfilled, blank and flat. I don’t want to end it all, but i don’t care if i live or die."
561,Yesterday I finally went to the doctors to speak about my mental health!!!!
562,I can’t stand it anymore. I’m committing suicide. This is my story. Being good and positive won’t help u stop suffering.
563,Am I becoming less intelligent?
564,I drew out what my depression feels like.
565,I feel like I'm feeling less and less excited about stuff.
566,Does anyone else feel that people only “tolerate” you?
567,You don't get it
568,Does anyone else feel like depression has lowered their intelligence over the years?
569,I feel like I’m not as important in other people’s lives as they are in mine
570,Why do I feel like everyone secretly strongly dislikes me?
571,Hospital bills after suicide attempt
572,"Anyone else basically waste all their time on reddit, youtube video games, discord, youtube etc etc all day ?"
573,I took a shower for the 2nd day a row :)
574,"I created my first reddit because my boyfriend was drowning in his depression, and I wanted desperately to help him. Since then, I've gained more insight and listened to all you beautiful people and because of you, I've learned how to better help him."
575,Has anybody else been mentally ill for so long now that sometimes you don't even realize how bad it is anymore?
576,"This is horrible, but... Does anyone fantasize about ending up in the hospital, being bedridden for a while?"
577,Unemployed Therapist
578,Anyone else take days to recover from a insult?
579,Attempted suicide last night. Now I'm being guarded 24/7 by police officers.
580,Anyone else feels like they would actually be someone if they were not held back by psychological problems?
581,Depressed but in 2 0 1 8
582,People wonder why depressed or suicidal people don’t get help
583,"Today my depression won, I dropped out of college"
584,Anyone else's depression hit the hardest at night?
585,"If someones willing to read this, itd make my night."
586,Depression is like being in an abusive relationship with your own brain.
587,I’m going to end my life soon.
588,"If you get a PM from someone claiming that religion with cure your depression, please click ""report"" and then ignore it!"
589,"Regular Check-In, and some info about high-risk posts."
590,Do you ever cope by imagining a person/world that makes you feel safe?
591,Today I realized I'm a panda.
592,I’m only 19 but I can’t shake this feeling that my life is over.
593,I feel like I'm becoming dumber everyday.
594,"I hope this puts a smile on your face, reddit."
595,I believe this little comic I found sums it all up...
596,My mother died unexpectedly about 3 hours ago. The pain is paralyzing.
597,Anyone depressed in spite of good life circumstances?
598,Can you be suicidal but be scared to die?
599,It’s 5am I Have Not Slept and I Am Spiraling
600,Who else desperately craves stable employment but has crushing anxiety and absolutely no idea what they want to pursue?
601,"I desperately want someone to reach out to me, but when they do, I fucking hate it."
602,"Sleep isn't just sleep anymore, it's an escape."
603,"When developing a crush on someone, does anyone else get depressed as fuck?"
604,Every notification I get on my phone is just false hope that someone actually cares about me.
605,Am i the only one that doesnt go to sleep because they dont want to get up the next day?
606,"Anyone else ""functionally depressed""?"
607,Being depressed is like being in a hurry to get nowhere
608,"The saying ""It's a permanent solution to a temporary problem"" kinda loses its meaning after 15 years of having the problem."
609,"Does anyone else feel like there's a voice inside your head, like an inner demon, telling you how much you suck and keeping you down all the time?"
610,I often think depression is just realizing how the world really works.
611,Does anyone else welcome the idea of an accidental death?
612,Depression is the worst pain I've ever felt.
613,Do you ever feel like you're just not cut out for this world?
614,My mother died today
615,"I'm not suicidal, but I genuinely just have no interest in anything, including being alive."
616,Does anybody else's mind immediately go to death as a solution?
617,Could we get a hands up of those who do absolutely *nothing* all day every day?
618,People are too practical when it comes to depression
619,"I get a horrible comedown after fun days of socializing. After good times with friends, I get home and feel exceptionally lonely and empty."
620,I feel I am at the middle point where I don't 'deserve' being labeled depressed and I am not happy enough to be labeled healthy
621,I hate the depression cycle
622,"If we treated all illnesses 
the way we treat mental 
illness."
623,Ever get so depressed that you stop wanting to get better?
624,"I feel the need to constantly distract myself with Reddit, Netflix, TV, etc because anything is better than being alone with my thoughts for more than a second"
625,"Walking home after a bad week, saw this on an overpass I used to regularly contemplate jumping over [x-posted to Montreal]"
626,Does anyone have literally 0 friends or people to talk to?
627,"i fucking hate when that ""wtf am i doing with my life"" wave hits, and hopelessness that follows"
628,Does anyone else's body go into sleep mode when you're really depressed?
629,I think one of my main fears is that I'm not depressed...just lazy
630,Someone told me I look like I'm on power saving mode.
631,"Just became a father, and death sounds better every day."
632,"I was depressed as a teenager, worked hard and got my own place and all the things I thought would make me feel better, and now I'm more depressed than ever in my mid 20s."
633,One of the cruelest things about depression: when even your friends' accomplishments and happiness start bringing your mood down.
634,Do you ever feel that trying to talk about your feelings is totally pointless?
635,I had more motivation as a sperm
636,"Do you guys ever think ""was i ever really happy?"""
637,Anybody else stays up late on Sunday because they're afraid of the week?
638,Do you guys daydream your life away?
639,I did it
640,I decided to open up to my mother about my anxiety problems
641,"Wife cheated on me, is threatening me, I feel lost."
642,Does anybody here feel like they daydream all the time instead of living their life?
643,Does anybody feel like they were born too weak and sensitive for this world?
644,"When I see posts with 600 upvotes I can only imagine 600 people reading my posts and saying: ""lol, who the f*ck cares..."""
645,Just saying “I have depression” feels like I’m minimizing what I’m actually experiencing
646,"""Send me a message if you ever need to talk"" is one of the biggest lies ever."
647,"Who has ""peak"" days where they formulate new exciting plans for the week, only to end up in a cold dark lonely hopeless confused state of mind a day later? I've noticed that's pretty much my life."
648,My wife committed suicide yesterday
649,I think so too.
650,I miss so very many people...
651,I don’t want to have kids because I don’t want them to experience depression
652,Anyone else's 'okay' days still pretty fucking awful?
653,I think I've been depressed for so long that.....
654,I’m so uncomfortable when people ask “What have you been up to” every time I see them.
655,I relapsed😔
656,"Anyone else fantasize about leaving everything, running away, and starting over somewhere?"
657,"You know you've fallen deep, when the thing you wan't the most is a normal conversation or a hug."
658,Anyone feel like you’ve gotten so good at hiding how depressed you feel that you start to believe you’re happy but then once you’re all alone it all comes back?
659,Anyone else have a terrible Fucking month
660,I miss myself.
661,Girlfriend attempted suicide. I'm a wreck.
662,Anyone ever been emotionally hurt so long that it physically hurts in your chest?
663,One of the worst parts of depression is when people get tired of supporting you.
664,Does anyone else feel shame in their depression because having it seems cliché and overused these days?
665,"Do you ever pass the time at weekends by just sitting alone imagining how your life could be, if things were different?"
666,Does anyone feel like they are faking every single human interaction?
667,Anyone else not exactly ‘suicidal’ just entirely okay with dying?
668,TIRED of hearing it'll get BETTER when it clealy ISN'T
669,Does anyone else's mind like to randomly tell you that you should die?
670,Why do parents care more about school work than your mental state?
671,Do you ever wish with all your heart that you never existed?
672,Do you guys feel like every little task is exhausting?
673,anyone else miss being a kid?
674,"I'm off my medication, haven't cut myself in 70 days and I've been going to school."
675,has anyone else been depressed since they were children?
676,Do you ever feel like nothing matters because you'll probably end up killing yourself anyway?
677,"Dear mods: Can you please do something about the influx of tough love zealots on this subreddit? It's a clear violation of the rules on the sidebar for anyone to advocate tough love bullshit. We need you to crack down on this. People are getting insulted, emotionally abused and put down daily."
678,"im so lonely, but i no longer have any energy to maintain a relationship."
679,"The shittiest feeling is looking back on your day, and knowing full well you could've done a lot, but you didn't."
680,*Check this box if you have been feeling hopeless everyday for 2 week.*
681,The Robin Williams Posts Are Triggering
682,Anybody else feel especially terrible on their birthday?
683,"When I lie in bed, I look forward to living in the dream world inside of my head. There, I am the person I’ve always wanted to be. I’m loved, safe, and happy. But when morning comes and I wake up, reality sinks in like a brick. My youth is gone and I’m still a failure, and I wish I never woke up."
684,Does anyone get triggered by being yelled at?
685,Rick and Morty had one of the most realistic suicide attempts I've ever seen on television
686,School.
687,"I don’t want to kill myself but if I died right now, I wouldn’t mind."
688,It's done. Pills taken.
689,Do you ever feel like you have everything that's needed to be happy yet you are miserable anyways?
690,:-)
691,Depression is when 'cheer up' is the most annoying thing to hear.
692,Does anyone else here feel like before depression and anxiety they had so much potential and we're meant to do something great
693,I just wanted to let anyone who read my last post know that I've taken a shower two days in a row and actually went and got my hair done.
694,"I wanted to die, but then I got a job."
695,My dad spilled boiling hot tea all over my lap. Serious second degree burns.
696,"For me, Depression isn’t overwhelming sadness; it painfully boring"
697,If depression were a smashed hand.
698,"Anyone else here feel dazed, zombie-fied and emotionless?"
699,I'm lonely but I hate when people talk to me.
700,No one cares if you're sad
701,Do you ever feel like your depression is becoming your whole personality?
702,"""Suicide is selfish"""
703,"Does anyone feel like depression stops them from being the person they were born to be, but then feels guilt and anxiety about trying to become that person."
704,"Does anyone else feel like they can no longer feel their own emotions, but instead have just learned to mimic those of the people around them in order to seem ""normal?"""
705,"Does anyone else want to just sleep for a long, long time?"
706,Does anyone else feel like they constantly need fresh starts?
707,Where does my mental illness stop and my personality begin?
708,"That's not how it works, asshole"
709,This image always gives me strength when I feel like I want to give up. <3 u Bob Ross.
710,I hate sleeping because it makes tomorrow come sooner.
711,"No social skills, no romance, no love. No hope for the future."
712,I have work in 50 minutes. I don’t want to get up from bed.
713,Anyone else love sleeping and are sad when they wake?
714,"I turned 65 today, and nobody cared"
715,Does anyone smile and laugh as if its natural but feel nothing inside?
716,Do you ever wish you could run away and start over?
717,Bye
718,"Ever realized that after you patted everyone's backs, no patted yours?"
719,Anyone else so fuckin tired all the time?
720,"I'm 24. My father died, my girlfriend left, my mother killed herself, and my sister was just admitted to a psych hospital. In the span of 4 months."
721,Why give me fucken mental illnesses and an ugly face and body? You couldn’t just give me one? Fuck you.
722,Does anyone else feel like crying sometimes but physically can’t
723,Doing nothing is boring but doing something is so hard
724,Do you ever stop and think “what the fuck am I doing”
725,the only reason i am still living is because i want to play more video games and watch more TV. I literally live in order to escape from living
726,Do you ever get it when you're feeling really fucking good but suddenly you realise that means your gonna be super fucking sad soon?
727,Do you ever try and make someone feel better when they're dealing with problems and be all supportive on this sub then post about your problems that are usually quite similar?
728,Tonight's my final night
729,"anyone else here young but feel so old mentally, like they have been through war in their brain"
730,Does anyone else constantly joke about killing themselves?
731,The one aspect of depression that people don't talk about enough...
732,I drew my depression.
733,"Whenever someone compliments me, I immediately becomes suspicious of their intent"
734,Do you ever feel that when you're in your depression you see the world more clearly than other people?
735,Does anyone else feel like they're a burden on their parents?
736,Does anyone else spend most of their time laying in bed?
737,Math teacher made my day
738,I’m lonely but I hate being around people.
739,Why can’t i fucking DO anything?
740,I havent cut in a month!
741,Does anyone else ever feel...embarassed after opening up about their depression to someone?
742,Anyone else almost non-functional when they have freetime?
743,"You don't realize how much your depression is effecting your life until you finally make progress and your two year old points at you, smiles, and says ""mommy's happy!!"" Life changing."
744,Congrats to me...
745,I fear that I use depression/anxiety as an excuse to avoid my responsibilities.
746,"One day, that quiet kid will commit suicide"
747,"While others are out making memories they will cherish forever, I am rotting away in my room alone"
748,"does anyone else feel like they’re in a trance, of sorts? as if they’re just floating through life - which feels intangible in itself - with very little or no purpose?"
749,Anybody else regret opening up to some people
750,I sleep with a stuffed animal to feel less lonely
751,"People say you can't kill yourself, but then they disappear when you need help. Fuck everyone."
752,"today I woke up without hitting the snooze button, actually made myself coffee, did homework I could have put off, and showered standing up!"
753,"Many people I know wear ""I spend tons of hours at my job and I'm constantly exhausted"" like a badge of honor. I feel like I'm watching a group of masochists all slamming their heads off a brick wall, and then celebrating the person who can punish themselves the most/endure the most pain"
754,Anyone else feel like you have to be physically ill to make people realize you’re mentally ill?
755,Today is my birthday. The first recognition of that was by Google at 1:30pm.
756,"""Sorry I didn't reply, I was taking a nap"""
757,Anybody else just used to being depressed and accept that's how it is?
758,The Internet has turned depression into a meme and I hate it.
759,“The best way to describe depression is the inability to construct a future.
760,Fuck Christmas
761,Being African-American and having a mental illness is literally the worst combo there is
762,Sleep isn't just sleep anymore. It's an escape.
763,I am in shock.
764,Do you ever start thinking about someone and then realise they aren't thinking about you?
765,Idk
766,"Wake up, neglect appearance and hygiene, play video games to escape life, watch anime in bed at night on my phone to escape the emptiness until I fall asleep. Repeat."
767,"I've always had trouble articulating the severity of my depression, so I made some photographs that describe it instead. Thought you might enjoy."
768,Does anyone else feel like that they've become a shell of their former self?
769,"My interpretation of depression. (Watercolor 9x11"")"
770,"The only upside to having both anxiety and depression is that depression keeps me from doing things that will trigger the anxiety, and the anxiety keeps me from actively trying to kill myself."
771,Anyone else been depressed since childhood?
772,"I'm desperate, please don't ignore"
773,Are weekends really hard for anyone else?
774,"7 years ago, I never thought that I would have considered suicide to get out of homework."
775,"I stay up late at night, not because I enjoy being awake, but because I dread the next day."
776,"When you have depression, a very good day is a happy persons normal day."
777,ever start writing a post and just delete it because you feel like a failure for not getting attention even in here
778,"Yesterday, was my 14th birthday. Got absolutely nothing."
779,Anyone else wish they could just die in their sleep?
780,Knowing that I can kill myself is the only thing that keeps me relaxed.
781,"I'm ""the funny guy"". I instinctively put on this act to make everyone laugh. Yet I really want someone to just see through my bullshit and understand how deeply sad I am."
782,The only reason I haven’t tried to kill myself is because it would destroy my parents.
783,Scared of helping people here.
784,"your 'friends' say ""i'm always here for you"" next thing you know you share your feelings and drive everyone away"
785,My parents and only sister died in a car accident. I am 20.
786,Is there anyone here who is about to write a text post about their problems but then erases it because you feel like you're unnecessarily whining?
787,Does anyone use video games as a form of escapism?
788,Litter saved my life.
789,My. Mental. Illness. Does. Not. Make. Me. Weak.
790,Do you ever feel ashamed to be in public?
791,"Is anyone else high achieving when not depressed, but absolutely broken and non-functional when depressed?"
792,I told a girl I liked her. She doesn't feel the same as I do but it's the most alive I've felt in years.
793,"First thought after waking up: ""I can't wait to go back to sleep"""
794,Anyone else feel like they will inevitably end up killing themselves?
795,Spending New Years in the hospital
796,I wish I could give my life span to someone that was taken too early that deserved to live.
797,Does anyone feel like they’re not going anywhere in life?
798,Wife is dying and I feel so lonely.
799,That fucked up moment when you realize even suicide is not an option.
800,Does anyone else excessively browse Reddit so they don't have to think about anything else?
801,"My ex texted me ""I don't give a fuck even if you die"""
802,Meeting a former bully
803,It's so hard to get out of bed.
804,"My depression makes me want to be alone, and makes me lonely."
805,"No matter how early I go to bed, when I wake up it feels like my battery is at 50%, feeling like I want to stay forever in bed, so I try to rest a little bit and stand up after several minutes."
806,I don't see the point in being honest about my feelings with my family if all they will do is be angry at me for feeling the way I do
807,does anyone else get jealous?
808,Who else is spending NYE alone?
809,"I get really uncomfortable when people ask me ""Where do you see yourself in 5 years?"""
810,I forgot where I live
811,Did you ever feel like your depression is fake?
812,I won't commit suicide but I wouldn't mind dying
813,Anyone else feel like they're just living the same day over and over?
814,I wish suicide was easier
815,I dont want to kill myself. I just don't want to exist
816,Do you ever read/watch a really good story about friendship or love and then get sad because you realize its probably never going to happen to you?
817,Does anyone have a completely normal day but still think of killing themselves?
818,"""You can talk to me about anything! :D"""
819,Does Anyone With Depression Forget Their Memories?
820,"Does anyone hate not having anything to do, but at the same time, can't stay productive when there IS something to do?"
821,News flash!!!
822,Life is too hard for me.
823,"Happy birthday, u/feelingdepressed, I told you I'd remember! :)"
824,Depression is humiliating
825,Is anyone else always tired?
826,Anyone else feel horrible about wasting their youth?
827,Depression and social anxiety have turned me into such an uninteresting person.
828,It came back. It always comes back.
829,Depression feels like you're drowning and no one wants to save you.
830,"For those of you who have been diagnosed with depression, did you ever feel like you DIDN'T want to feel/get better?"
831,I raised my hand and spoke up in class.
832,"You know what kills me about being depressed, and how people view me/us? Please read this. Directed to all of you."
833,I've skipped work and laid in bed for 3 days straight. I don't know what to do. I just have no motivation to get up in the morning.
834,"I realised depression makes me only try to re-live old memories, and never new ones."
835,I can't kill myself because of my cat.
836,I graduated from college
837,I can’t “do” self care
838,Sleep is the best part of the day
839,I couldn’t kill myself tonight.
840,"31 and scared. No career, no friends and no girlfriend."
841,Anyone else feel like your “friends” aren’t really your friends at all?
842,3 years ago I nearly killed myself. 2 years ago I posted some drawings here. Now I have some more.
843,Fucking Sick of this bullshit
844,Do weekends suck for anyone else?
845,I had my first kiss today
846,A year ago today I nearly killed myself. The next day I bought a sketchbook. Here is an album with drawings and doodles from a year's worth of recovering and coping.
847,i finally got a job
848,Do you ever just sleep bc you don't want to be awake?
849,I’m really proud of myself! I’m back at work after 8 months off due to how bad my mental health has been.
850,Does anyone else wish they could simply sleep forever?
851,Does anybody else just feel like only laying in a couch/bed and just watch YouTube?
852,"Who here stays awake late at night because you are trying to avoid the ""next"" day of bullshit at work/school."
853,"Whatever you do, please don't ignore me."
854,people mistaking your lack of motivation for laziness
855,"I wish there was a way to restart my life, instead of permanently stopping it."
856,I want to kill myself but can't because I need to play Fallout 4.
857,everyone click on this and sigh with me
858,I’m ready to kill myself. But thank you all.
859,My depression and anxiety keeps me from saying anything
860,"I hate when my boyfriend says, ""But don't I make you happy?"" That's not how depression works, love :("
861,Does anyone else retreat into their own self made fantasy's?
862,Anyone else get annoyed by relatives who think that finding religion will help your depression?
863,It’s 3am
864,Depression has turned me into a mean person.
865,you ever feel like your entire existence is wasted potential and you never became the person you were supposed to be?
866,One of the most frustrating things about depression is how much of an idiot you become the longer you're depressed
867,"People mourn you if you kill yourself and ask what they could've done to prevent it, yet they treat you like a pariah if you attempted to kill yourself and failed."
868,Depression has turned me into a fucking idiot.
869,"""Sleeping is nice because you're not actually dead and you're not awake so it's a win-win situation"""
870,I'm depressed because I'm lonely. And I'm lonely because I'm depressed.
871,Depression has changed my memory-- has anyone else experienced this?
872,Does anyone feel like they aren't good enough to date someone?
873,"A guard on World of Warcraft told me, ""May your blades never dull,"" and it was the nicest thing anyone said to me today."
874,I’m a deeply depressed mental health professional. Does that make me a hypocrite?
875,The only reason I wont kill myself is because I don't want to make my mom cry.
876,Nobody thinks depression is serious until suicide happens
877,You guys prevented me from committing suicide yesterday. Thank you.
878,Yesterday a random girl on campus hugged me and I felt much better
879,Is anyone else thinking of killing themselves after their parents die?
880,"i know what i have to do to get better; however, i don’t have the motivation nor concentration to do it"
881,"""I'm just tired,"" has become my catchphrase, and a pretty huge lie, at this point."
882,Who else lives their life in a fantasy world?
883,Do you guys ever feel ashamed for having depression?
884,"My mom asks ""Don't you get tired sitting around everyday doing nothing?"" I do. I want to do something, but I just can't be bothered."
885,The scariest part is when depression becomes so normal you forget what happiness really felt like
886,Anyone else constantly check their phone even though you never receive anything?
887,Brilliant Mind?
888,Does anyone else feel guilty about being depressed?
889,The only messages I receive is from automated apps.
890,I just showered. Tomorrow I start a new job. Feeling hopeful.
891,I did it guys.
892,I'm just here
893,I want to sleep so I don't have to be awake yet also sad because it'll make tomorrow arrive sooner
894,"plenty of people have told me ""I'm here if you need to talk"" yet I'm sitting here and I can't think of anybody I'd be comfortable taking to at the moment."
895,I feel like a background character in everybody else’s life
896,I understand now what my neighbor said to me years back
897,Feeling like I'm faking depression
898,Does anyone just want to move away and never look back? Just disappear from your current existing life
899,"For anyone going through a break up, here's a quote from South Park (of all places) that helped me a lot."
900,My BF is cleaning his car and it's a big deal to me.
901,I am so lonely
902,I made my bed
903,tfw you cannot function and have an intense fear of failure so you skip all your classes and spend your days in bed hoping for some kind of miracle
904,You know you're depressed when...
905,"Does anyone else feel like you want people to care but when they do, you feel embarrassed and try to act like everything's okay?"
906,Depression in its simplest form.
907,Does anyone else feel “casually suicidal”?
908,It makes me fucking angry
909,When I say 'I'm tired'..
910,"Does anyone else have unprovoked, ""casual"" suicidal thoughts?"
911,Does anyone else feel like they don't exist in anyone elses mind unless you're standing right in front of them?
912,I can't kill myself because I'll cause grief to others. Atleast this way I'm the only one who's suffering.
913,So it's a Sunday morning and I'm going to go to a coffee shop on my own
914,"I hate when people say ""if you're having depressed/suicidal thoughts, reach out and talk to someone!"""
915,Does anyone else not remember the majority of their childhood?
916,Does anyone else procrastinate to a ridiculous degree?
917,Does anyone else feel like there getting stupider?
918,My girlfriend took her own life today. I don't know how to handle this.
919,Do you guys ever have random short bursts of crying that only last for a few seconds.
920,My Wife Killed Herself Last Week.
921,Do you ever worry that you've been depressed for so long that you don't know how not to be depressed?
922,Told my psychiatrist that I want to be dead
923,I’m so sick of being ugly
924,Sometimes I just wanna purposefully fail a suicide attempt
925,"My therapist was like ""fake it 'till you make it..."" I actually was pissed. What the fuck do you think I'm doing? I'm faking it every day. I pretend to care at work, with friends, at the grocery store, etc. I'm sick of having a fake smile on my face."
926,"The moment I wake up, I'm already looking forward to going back to bed that night."
927,Does anyone pretend to sleep to hide from being social?
928,"I'm almost 24, and have completely wasted the past 5-6 years of my life. I'm in such a dark place and don't know what to do."
929,"I was severely depressed during my teen years and at some point I was happy. During that time I would think back and I couldn't believe or understand how I was ever that depressed. Now that i'm depressed again, I don't believe or understand how I was ever happy."
930,I bet al lot of you are like this aswell as me. 
931,"I swear. Every time I feel positive and im talking happily and feel okay, someone says something or replies to me in a way that takes my smile away immediately."
932,"When the little voice says ""I want to die"""
933,Anyone feel depressed because they just don't care about life anymore? That to do anything at all is exhausting mentally and physically
934,Anyone else fantasize about the freedom of suicide but would never actually go through with it?
935,Being depressed is bad. Feeling guilty about being depressed is the fucking worst.
936,"I decided to ""come out of the closet"" about suicidal depression on Facebook when Robin Williams died. It went better than I thought it would. My friends were extremely supportive. This is what I posted."
937,"If I'm not going to kill myself, then I need to make my life better."
938,I hate myself so much I take away the auto upvote from myself
939,I can go an entire day without talking to another human being.
940,Why am I so fucking tired all the time?
941,I Feel So Silly Getting Sad Over Downvotes.
942,It hurts to exist.
943,"My girlfriend dumped me, my best friend killed himself, my parents are getting divorced, and I lost my job."
944,i am no one's favorite person
945,Do you guys feel it too?
946,Do you ever get the feeling that if you tell someone you are depressed they don’t believe you?
947,"Mathematically, it isn't worth being alive."
948,Told my husband about being depressed for the first time today
949,Does anybody else feel like they want to find someone as lonely and desperate like them?
950,Today a woman on the train looked at me and smiled and it honestly made my day.
951,Dad died. No family left. Slowly drowning in bills and debt. Now I'm the sole provider for a household and I'm about to have a complete mental breakdown [29/M]
952,My partner of 5 years dumped me. I got diagnosed with depression and anxiety. I lost my job. Haven't talked to anyone or been out of the house in weeks. Yesterday a good friend died from suicide. It's too much.
953,Does anyone else have a spotty memory?
954,I just realized there are days when I don't talk to anybody
955,You miss 100% of the shots you don't take
956,I CAN'T FUCKING TALK FOR SHIT
957,Do you ever just stare at your computer screen and think of how pointless life is?
958,I've burnt black a pan full of beans and corn. Fighting the smoke and fire was the best fun I've had in months and I feel totally satisfied.
959,Yall ever cry so hard for so long that you get a piercing headache??
960,Anybody else tired everyday no matter how much sleep you get?
961,I hate people who call you ungrateful when you don't appear happy
962,"when your mind switches to embarrassed/angry/sad/negative and you suddenly hate yourself for every time you tried be attractive/cool/funny/smart and you're sinking into sickening greyness you only wish was death, wondering how you even go on when you are so disgustingly imperfect."
963,I'm an NPC in the video game that is my life.
