,author
0,presti-ravioli
1,niszi
2,fallen-fawn
3,
4,
5,Whiteelchapo
6,Jadenent0623
7,coolmast3r
8,mynormalheart
9,SoulfulYam
10,SociallyAdeptt
11,butteredgrapes
12,D6uglh7cu
13,Tastylicious
14,ZRudd97
15,gr33nberry
16,NobleChris2
17,FerrisTheCrab
18,drunkbetta
19,Nyx13Love
20,no-money
21,NordyNed
22,Hellblade999
23,Conurekid
24,dinosaur_nads
25,luxcsia
26,LilVigilante
27,EffYouAnxiety
28,Ren_Rosemary
29,rock_bottom7
30,Idekanymore20
31,hydrationahoy
32,10yes4life
33,lucidmashedpotato
34,Allpurposelife
35,MaceLJackson
36,shededamen
37,theswordofdoubt
38,iwouldlike2neckrope
39,fromaustt
40,juststupid8970
41,SHOWTIME316
42,thrueing
43,Imnotgoodatthispls
44,Jyndaru
45,mothercocconuts
46,youngrussianboy
47,berserkJoeReddit
48,Randomalistic
49,Wolfy50
50,drauch52
51,vincitopusme
52,luckjes112
53,user124i53
54,PatheticPieceOfSh1t
55,OOLLMM
56,highwayrider
57,luckjes112
58,
59,FreezeWolfy
60,xeventeen
61,themadwaffleR
62,imofftheheazy
63,
64,
65,incurableneurotic
66,tsukuwa
67,alysrobi
68,heyheyitsandre
69,okdenok
70,Meh75
71,elijahwatkins4
72,spacey2413
73,
74,kodaandorion
75,jDaw1
76,NillaWafer9
77,sevastra000
78,TheGreaterThrowAway
79,ResidentDarkness
80,Absalom98
81,LaurenieLulu
82,Unika0
83,terencepen1
84,what_the_f123
85,ryan3411
86,litgrl29
87,is134
88,SnOwYO1
89,spotlightit
90,Julexx
91,-wraith
92,toxicllamaa
93,harlet
94,ThrowAway_10914
95,Darth_Brandon
96,egirlsf
97,throwaway52919
98,randomthrowawayfml
99,ResidentDarkness
100,LilGidGid
101,impkidz
102,SignificantRoof3
103,AurigaX
104,mreok
105,FiendForCaffeine
106,jephrone
107,finding_direction
108,meganpaps
109,peptodismal-
110,cirkulatjh
111,i_know_cole
112,
113,Dewfiftythree
114,SummerFloyd
115,stnivek
116,hypersp00p
117,Bearded_monster_80
118,Slickbick
119,MomentousIce
120,Aplusmistake
121,OCDADDgal
122,stnivek
123,Toppingsaucer7
124,awalk111
125,SpaceWhale88
126,ShibaToucher
127,Dougdimmadie
128,witchofthewoods89
129,mastaflasta
130,micheleardolino
131,NoRing0
132,aaliyahno
133,reddituser9110606
134,iulica15
135,GhostInTheShellx
136,CycloneArchitect
137,4am_Vibes
138,TheLovelyClouds
139,Tbahama42
140,Jromneyg
141,TheAngiXD
142,kanafehis
143,
144,musingsofaninrovert
145,evisy
146,
147,
148,
149,naturalwonderofthewo
150,Starstruck94
151,justalanger
152,oobqoobloobh
153,teenybeany
154,Farcry_Wanderer44
155,rg_mac
156,Dumfukjuuss
157,thedepressedstoner
158,imnotgonnakillyou
159,Quenald_
160,Balmate
161,ThisNotMyMainAcc
162,ozzzy189
163,Helioszn
164,this-is-sierra117
165,TheSaddestTrombone
166,planet_hell
167,TheNorthApe
168,RoastedMarshmello
169,Mason_Crosby
170,Daxxiel
171,DepressedTower
172,drauch52
173,DepressedTeen1603
174,confusing_rants
175,
176,Steveshakes
177,knownothingwiseguy
178,
179,Jadenent0623
180,ihavethisfornoreason
181,SchunGGles
182,yosoysoap
183,Raph_1104
184,TuxedoChief
185,imuglyasfuck
186,flylowyoucarrioncrow
187,klb000
188,BruhMoment45886
189,confused4200
190,aMidwesternDadType
191,zn07
192,
193,Nontizen
194,seasidee
195,notaghost00
196,EndLineOne
197,King1666
198,twentythirdchapter
199,iamhopeless256
200,circinia
201,HipPopK
202,CruciFuckingAround
203,Raptor_73789
204,irritabletom
205,Budif-
206,IFaelivrin
207,krieket
208,vulpesxvulpes
209,SQLwitch
210,mindkingdom
211,stfupikachu
212,cryptidkitten
213,chieremiau
214,ItsVinn
215,throwawayedgar2
216,howardsz
217,HippieHippieShake
218,fuckyounerdo
219,Kjulian7
220,kansjsknsnsiakmsmsik
221,prash_cant_shush
222,ggukkook
223,
224,jbwalton7
225,
226,randomstuff9876
227,Drift_Bunny
228,rastapasta9
229,SQLwitch
230,GaryWestSide
231,Jamiddle
232,
233,FeelingHopeless101
234,ennuiforever
235,SQLwitch
236,RichBluebird
237,postcardsanon
238,aliceuwus
239,relishingcarpenter
240,northstar2019
241,ObliviateProtego
242,bonitawehbe
243,
244,runrowrepeatt
245,berrycat14
246,Tesserok
247,CourteousEnd785
248,
249,
250,TyrionTorreto
251,Slickbick
252,Juunbugs
253,thotowo
254,Lovoskea
255,espressoExpress
256,sheila204
257,momojojoo
258,AllArtsWelcome
259,nobodysperson
260,GangreneMachine
261,PrettySoil
262,general_soston
263,qui3tthund3r
264,ryfry314
265,Boobr
266,throwaway47584
267,-Innerdemons-
268,
269,
270,FRlEND_A
271,incognitopresident
272,internally
273,franga10
274,weirdhugh
275,Leadheart
276,DrankTooMuchMead
277,
278,dndnf98
279,anonymoustwig
280,remydud
281,BayArea66
282,Wtfismylife2019
283,snowman44443243
284,Directormiki
285,brokenapple6
286,No_Introduction
287,OffBrandPeach
288,remysnuts
289,FRlEND_A
290,rikeus
291,notcutoutthrowaway
292,
293,Idobjj
294,lukaa1407
295,AnirudhPal
296,theangrymasochist
297,slicehishand
298,mynormalheart
299,Dumpster_Fetus
300,outroversion
301,rickthetherapist
302,sabtans
303,ittdc
304,
305,
306,drivenbyorcrippledby
307,bubbleegumm
308,
309,
310,dvareadyforcombat
311,mipmj
312,Jeanpaul02
313,Peachy_Auri
314,drauch52
315,exotic_hang_glider
316,ryjkp8
317,Guanren
318,ThisNotMyMainAcc
319,HarryTennis
320,BatStan
321,SQLwitch
322,eindride
323,asde80120
324,Cuntlipsmcgee69
325,wizardrz
326,scumblry
327,mental-help-pls
328,neverendinganger
329,charlotte_palmer
330,AurigaX
331,
332,blueskyblond
333,JanLuca_Tainaka
334,DHBryen
335,heartlines
336,Ayatori
337,watonthrowaway
338,anakingsman
339,Lorlaine20
340,j-7-t
341,JustARandomGuyInMO
342,Turtle____
343,maniackk1186
344,
345,rosy_maplemoth
346,
347,FiveFruitADay
348,zweza
349,sk8trsteve
350,Alanokai
351,tropicalturtletwist
352,AmiTaylorSwift
353,skeleton-onesie
354,throwaway676555
355,Sayoricanyouhearme
356,violinjazzturtle
357,nokia621
358,aspookythrowaway69
359,Torimax3
360,SQLwitch
361,Ty-Luhr
362,alittlewibble
363,georgedza
364,Kuban26
365,doctorbeezy
366,Antique-Butterscotch
367,natripp
368,SQLwitch
369,
370,impairedmentally
371,kallemouz
372,
373,Razzgoku
374,AwkwardInfant
375,xix_butterfly
376,bajeebles
377,hermerlin26
378,insecurewifi
379,ksoviero
380,Antimyon
381,iEmpty
382,KingWhoBoreTheSword
383,vavapseudo
384,pm_me_jolly_thoughts
385,ant_collector5
386,FuckingPintSized
387,mother_of_kittens99
388,Soul_Mining
389,carvingnames
390,NoctiferAeternis
391,Josh71H
392,
393,noidleft1
394,tcw_sgs
395,madkidinamadworld
396,rottenzuko
397,
398,unpollutedfantasy
399,Username_Tree
400,terrible-shoe
401,kaysoon
402,
403,user124i53
404,notababyimatumor
405,rosenthalls
406,Doctaoctagonza
407,Kami_123
408,livw17
409,livw17
410,Homesickpegasus
411,picalilly
412,bookishrory
413,MeetTheTwinAndreBen
414,LastW0rds
415,WinterEspionage
416,
417,Baury
418,idhbfjresokvdtjv
419,SorryUrUsrnmMustBe
420,Breakingbay
421,IndubitablyTedBear
422,ChuckGould
423,owenbicker
424,yunginal
425,Darkchildbleakworld
426,catukulele
427,
428,Thrones1
429,ant_collector5
430,blessed_with_girth
431,tonyLumpkin56
432,lovejoy0526
433,pizzae
434,
435,roseparades
436,PuffedRabbit
437,NyarThulhu
438,LoveWithTheInternet
439,keepingswimming
440,loathsome_creature
441,TheBaconBurpeeBeast
442,abouta5outoften
443,yeahgoodyou
444,Blackwater_7
445,yeeyeewoopig
446,drauch52
447,hpekarov
448,
449,magnumgreed
450,lonellonelonelone
451,ectoparrot
452,GoOnKaz
453,
454,shunsui2929
455,xenomorphbeaver
456,EpicLives7
457,smilinglyawkward
458,tiffanybryant9
459,hipbones-
460,Soap-Taste-Ok
461,TaurusaurusRex888
462,Sayoricanyouhearme
463,715Cr33ks
464,inklike_
465,lfcanfield
466,crummynoodles
467,Fofo336
468,KillingMyselfEveryda
469,YungPunpun
470,igot2pair
471,sandsmark
472,liam_a1
473,PM_Me_A_Hug_Pleease
474,bethnahrain
475,nemomnemosyne
476,Khafaniking
477,throwawaygayz
478,x42chaos
479,throwaway2k17
480,EehSomeone
481,bakedchubz69
482,CreatureWarrior
483,sakurasoda
484,depressedthrowawayok
485,
486,dddopp
487,augie315
488,jimmyk02
489,Zigzagkid
490,Ty-Luhr
491,-red-ataraxia
492,JustKeepYourHeadUp
493,squigglycorners
494,not_really_me1121
495,snardthelammergeier
496,styrothrowaway69
497,Notworthitanymore123
498,Mr_Slanty_Lefty_1993
499,willhumanitysurvive
500,deathkilll
501,crystalcream101
502,YellowVortex
503,thorthrowrha
504,Zepanda66
505,melissachan_
506,IgniteThatShit
507,maple_tiddies
508,coolio0909
509,
510,cancelmeta
511,chunkylover55
512,chief_keish
513,Papaya_13
514,niconicodance
515,TripleNoFriends
516,killerqueuen
517,oh_holy_fuck
518,unknownmarta
519,cakeboyss
520,Bruntse
521,ace_valentine
522,tamingthemind
523,
524,
525,madandmadder
526,MarcyVampireQueen
527,KCat17
528,ashutosh024
529,wishitwas93
530,wayofthefrog
531,FloorFire
532,an_unexpected_twist
533,KF2
534,
535,nmij
536,pethy00
537,thestoneproses
538,4everalone_fml
539,flyingkwaj
540,goldendougal
541,Eren52
542,Grogford
543,QCSsucksass
544,Shrappaz
545,HardgoreAlice
546,orangesrnice
547,undergrownaverage
548,grottohopper
549,G3ntl3man001
550,PleaseIgnoreThanks
551,teamrespectwomen
552,Dent18
553,DevastatedPianist
554,sirahc02
555,honeymt
556,aceofblue
557,jamakiss
558,Kosmosnoetos
559,
560,BlinkinPark-182
561,whatstheweatherlike2
562,whydoesithappentous
563,Toocooltocare21
564,MPHFPro3000
565,Jeanpaul02
566,donutduck3
567,elziion
568,ThrowAWAY28HFESUF
569,throwaway983928
570,t_999
571,ThoseStarbucksLovers
572,
573,
574,userb4575
575,elenatesfaye
576,
577,madredetodo
578,Throwaway162806
579,Imlostandconfused
580,d4mpe
581,Morphuu
582,
583,EvelynWinters
584,Nummoth
585,NebEdits
586,-Tell_me_about_it-
587,iLLheartbreaks
588,SQLwitch
589,SQLwitch
590,LucidRubia
591,Apology_Panda
592,llcx1888
593,Stanmnm
594,
595,sisleyek
596,WhenisToolsNewAlbum
597,Clay_Bateman
598,distressed-kiwi
599,thottcocoa
600,sadclown123
601,some-throw-away7
602,spicymeme420
603,SarvinaV
604,Zosssu
605,joe856275
606,nottodaypippa
607,bigwhiskeyandthegroo
608,Zippudus
609,saturated_loner
610,
611,Shakyhandssyndrome
612,Other_Accountalready
613,GirlyThug8
614,ashen_soul
615,
616,ShanklinX
617,
618,personman2727
619,Quirkykiwi
620,Meerkate
621,Baecorn
622,DaughterOfNone
623,ActualHumanAMA
624,
625,craftsy
626,Askingquestions55
627,_z3r0__
628,66Xeno
629,1use12313264
630,Porkchopous
631,Just-soTired
632,
633,
634,hitmelikethatsnare
635,k-sean
636,Anfoine
637,plainview28
638,throwawaybaby4570
639,
640,PhantomLord3
641,staticpop
642,DeadBlueBuck
643,
644,
645,Brave_Bird0991
646,Anonymousdudeinhell
647,sadclown123
648,NomisRezleb
649,song_bird
650,ArrowHound
651,2102cc
652,SpookyImmobilisedToe
653,kashish1807
654,Puffwad
655,jayla_13_
656,Matbell87
657,fancin
658,MrSadMonkey
659,drauch52
660,littletonbo
661,CarpetPuncher
662,JohnMcClyde
663,Alurion8
664,postgrad_artist
665,judithsredcups
666,CaffieneShadow
667,xXKikitoXx
668,Blitzflare22
669,Oh_No_Izzy
670,bbluekyanite_
671,Shyfss
672,PristineLegalShits
673,thebus01
674,ClopinTrouille
675,ohwaititgetsworse
676,iLikePCs
677,
678,MMachy
679,DarkPandaLord
680,drauch52
681,Diodemedes
682,mazaui_muffins
683,throwawayastray
684,flowerboy00
685,
686,paralanalysis
687,idfkmanijustneedhelp
688,Throwaway13KA
689,Trithus
690,
691,depressedafsoul
692,drauch52
693,sebastian24601
694,YouWantALime
695,kavvu
696,DevonRexManning
697,CaptainSombrero
698,veryberryblue
699,okdenok
700,Tellmetostopsmoking
701,TheTrueScott
702,godhateshayden
703,drauch52
704,NonConformistFlmingo
705,tomorrowistomato
706,focusrunner79
707,Roddoman
708,rainbow_dash_161
709,shinyjen
710,colorblind-rainbow
711,ShyMark1986
712,saatan4
713,wanttothrowawaythev
714,nobodycares65
715,AgentStarkiller
716,hemprocks
717,NoreasonThrowawayacc
718,TornadoShark666
719,prettyboyheaven00
720,iron_cynic
721,suicidaldepressed
722,CheapDimeStoreHood
723,plantinapot
724,drauch52
725,Aponia-Ataraxia
726,har554
727,blahnameorsomething
728,throwawayname00987
729,oceansuki
730,eirealba
731,IronMyr
732,CombustibleA1
733,LookHereComesAWorm
734,MsSadPants
735,SadAsian1000
736,turtlegang_
737,harekoren
738,GoodToHere
739,PM_ME_UR_JON_SNOW
740,makar126
741,ImMissBrightside
742,
743,
744,_skullzandcupcakes_
745,pod110
746,
747,iamhopeless256
748,ablondepotato
749,Ammar434
750,Michealbrown1984
751,edomarc
752,emilyyrrr
753,serenity78
754,
755,DarnHeather
756,watch7maker
757,xNintenx
758,throwabae1995
759,ggjonah
760,FrankWest21CP
761,lil_intro_verrtt
762,Shaddsniff
763,golden-antlers
764,Cooperhatesthis
765,ley_j
766,
767,Edwardshair
768,UncleScrumpy
769,aigo
770,
771,bee_balm
772,ohsoconfusedandalone
773,KansanLesbian
774,ObsceneGlabella
775,coconutscentedcat
776,
777,madkidinamadworld
778,XeXGuys
779,psychosuicidalgirl
780,Zoddiac
781,CyanideMuffins
782,stonedaliens
783,SirSmile
784,throwaway32481790
785,Neimasn
786,RainyDays321
787,Spaghettilover789
788,
789,memeslover2019
790,idkwhattoputlol69
791,SadPisces
792,aliejfas
793,vmoney40
794,
795,cubicularis
796,weeman2525
797,rosesonly
798,RedBullRyan
799,S4NEMAN
800,
801,xEpic
802,DNAli3n
803,
804,Hello_Darkness2019
805,
806,angstyboii2019
807,insecticiide
808,isshereallyseventeen
809,JackieMarieX
810,vomvomsmash
811,Feo44
812,CantStopThePun
813,amarie999
814,fabriciaadans
815,s3xypantz
816,hnzoplzswish
817,thorthrowrha
818,Tury92
819,SlyFox301
820,Luxray_15
821,leaflights
822,_alice_rabbit_
823,_flying_cat_
824,Seamoneyyy
825,Smoothyi
826,
827,
828,Sibmo
829,PmMeBlueFootBoobies
830,Immynimmy
831,rodblt2221
832,yourefunnier
833,xdrugfreex666
834,GengarrificRyzo
835,ThatGuyFromInterwebs
836,harlet
837,desuntnonnulla
838,scantserenity_2
839,cheesyfries47
840,dogcatdog001
841,theinnermechanations
842,InternalSoliloquist
843,
844,cuntedLamp
845,colourgreen3
846,InternalSoliloquist
847,sadfish52
848,AppleCinnamonMuffins
849,fay8ell
850,depressionthroway000
851,Jossegutt
852,throwawayxx2610
853,yblue9
854,dollfacedslut
855,vaginabeater
856,Sanguine_R0se
857,human02
858,bb1437
859,j_wern
860,LucySparky
861,thaw20444
862,cybersoldier93
863,ThatWasNotEasy10
864,sjweaver
865,KoolaidKooler
866,
867,SHININGFINGERSWORD
868,
869,GeckoGadget
870,EternalMelancholy
871,keterr
872,imsoaddicted
873,BareezyObeezy
874,booger319
875,
876,throwawaytodayokc
877,ColgateCereal
878,
879,bluebluebottle
880,DrFast
881,anon9089
882,thekingofthejungle
883,Fpshawaii
884,incognitopresident
885,
886,buttersthestutterer
887,nagem145
888,towel_monkey
889,thorthrowrha
890,secretlyowned
891,
892,im_just_like_you
893,Xoroshego
894,engxcommish
895,Lickitanyway
896,_z3r0__
897,
898,youbelongheree
899,Thehealeroftri
900,beesharmony
901,Banplasticstraws
902,Bluzzyyy
903,pupperparty
904,agmatine
905,randomneopian
906,Thehealeroftri
907,sciencefox03
908,
909,DoingItAgainISuppose
910,EyesTurnedSkyward
911,depressed-watermelon
912,R4N4W4Y
913,ALittleGoat
914,honda27
915,friendlessloserlmao
916,Kakoodle
917,SlothyToast
918,rokyholler
919,fistedsister89
920,
921,Blue-sparks
922,
923,
924,888Chase888
925,billbasketball
926,Ayatori
927,throwfordep007
928,throwaway_23andDown
929,emerica_09
930,wittzy
931,Ironicbanana14
932,VirulentKat
933,zeppelincheetah
934,unbannedbrucebanner
935,V_Concerned
936,MethVsChef
937,lizzyinthehizzy
938,kingjulianl
939,Pinkerpops
940,MrWolfGuy
941,MoonCub
942,ThrowawayInATaxi
943,
944,mkatarina718
945,Chrome_Claymore
946,Tasumiku
947,Sheepmanishere
948,prwn1090
949,fabiooh00
950,
951,FewGain
952,sadestsweetpotato
953,Walrus_Fighter
954,neurosthetic
955,depresseduseralt
956,trying234
957,SickPuppyii
958,shitlifesurvivalist
959,garbageboob
960,InbredAssian
961,
962,contradictorymess
963,SoulfulYam
